"CREATE USER IF NOT EXISTS RODY SALT 'e728bb50654e6834' HASH 'e14f4c62f1dfb2d7db9f15d166653d2e3e227d8712920f956816b65623f20688' ADMIN;"
"CREATE SEQUENCE PUBLIC.SYSTEM_SEQUENCE_7160DC1A_E7BA_4189_95E3_7BC28D2704B2 START WITH 6 BELONGS_TO_TABLE;"
"CREATE SEQUENCE PUBLIC.SYSTEM_SEQUENCE_8464E894_C2F1_4D38_8B2A_05D4CD3305D4 START WITH 31 BELONGS_TO_TABLE;"
"CREATE SEQUENCE PUBLIC.SYSTEM_SEQUENCE_A759BBE4_1A46_494E_A389_BCEFDDFC5469 START WITH 2 BELONGS_TO_TABLE;"
"CREATE SEQUENCE PUBLIC.SYSTEM_SEQUENCE_9FD4A557_B9D0_4650_AE13_0D7C7512D4D0 START WITH 12 BELONGS_TO_TABLE;"
"CREATE SEQUENCE PUBLIC.SYSTEM_SEQUENCE_8C90FEB9_C66D_402A_A174_5BE10297C48A START WITH 1 BELONGS_TO_TABLE;"
"CREATE SEQUENCE PUBLIC.SYSTEM_SEQUENCE_74188E43_4524_4F11_91D7_0A33C542B709 START WITH 11 BELONGS_TO_TABLE;"
"CREATE SEQUENCE PUBLIC.SYSTEM_SEQUENCE_264A0E7D_EEE2_4EED_AD02_5A06FE444A33 START WITH 6 BELONGS_TO_TABLE;"
"CREATE SEQUENCE PUBLIC.SYSTEM_SEQUENCE_E5C24BA0_7661_47BB_B1E4_2F380C289CB6 START WITH 5 BELONGS_TO_TABLE;"
"CREATE SEQUENCE PUBLIC.SYSTEM_SEQUENCE_5EF9D34A_2187_4726_8D6A_D71BE03B161B START WITH 7 BELONGS_TO_TABLE;"
"CREATE SEQUENCE PUBLIC.SYSTEM_SEQUENCE_D089D2FB_55B2_489E_BE36_70138125C685 START WITH 1 BELONGS_TO_TABLE;"
"CREATE SEQUENCE PUBLIC.SYSTEM_SEQUENCE_9CCBAD34_B789_4C65_B305_8301EE4AD5DD START WITH 1 BELONGS_TO_TABLE;"
"CREATE SEQUENCE PUBLIC.SYSTEM_SEQUENCE_3A991E10_D441_4A08_A145_C5E09E95203C START WITH 1 BELONGS_TO_TABLE;"
"CREATE SEQUENCE PUBLIC.SYSTEM_SEQUENCE_6756A24E_D57B_460A_BAB5_944314FCBAC4 START WITH 5 BELONGS_TO_TABLE;"
"CREATE SEQUENCE PUBLIC.SYSTEM_SEQUENCE_36708B8A_E8D8_4D53_9D49_B0AD7C30AA8B START WITH 1 BELONGS_TO_TABLE;"
"CREATE CACHED TABLE PUBLIC.USERS(
    ID INT DEFAULT (NEXT VALUE FOR PUBLIC.SYSTEM_SEQUENCE_8464E894_C2F1_4D38_8B2A_05D4CD3305D4) NOT NULL NULL_TO_DEFAULT SEQUENCE PUBLIC.SYSTEM_SEQUENCE_8464E894_C2F1_4D38_8B2A_05D4CD3305D4,
    LOGIN VARCHAR(20) NOT NULL,
    PASSWORD VARCHAR(20) NOT NULL,
    FIRSTNAME VARCHAR(15) NOT NULL,
    LASTNAME VARCHAR(15) NOT NULL,
    MIDDLENAME VARCHAR(15) NOT NULL,
    ADDRESS VARCHAR(20) NOT NULL,
    TELEPHONE VARCHAR(15),
    MOBILEPHONE VARCHAR(15),
    IDENTITYCARD INTEGER,
    WORKBOOK INTEGER,
    RNN INTEGER,
    SIK VARCHAR(20),
    POSITION_ID VARCHAR(20),
    VIRTUAL_BALANCE INT
);"
"ALTER TABLE PUBLIC.USERS ADD CONSTRAINT PUBLIC.CONSTRAINT_4 PRIMARY KEY(ID);"
"-- 19 +/- SELECT COUNT(*) FROM PUBLIC.USERS;"
"INSERT INTO PUBLIC.USERS(ID, LOGIN, PASSWORD, FIRSTNAME, LASTNAME, MIDDLENAME, ADDRESS, TELEPHONE, MOBILEPHONE, IDENTITYCARD, WORKBOOK, RNN, SIK, POSITION_ID, VIRTUAL_BALANCE) VALUES
(4, 'Svetlana', 'Svet', 'Svetlana', 'Gobova', 'Ivanovna', 'Volochavskaya 33', '87213345657', '87013456534', 231987465, 185967133, 998442412, 'ldfgbhgtj2f', '2', 100),
(15, 'Vladislav', 'Vlad', 'Vladislav', 'Silaev', 'Ivanovich', 'Krivaguza 13-54', '87212986595', '87079874563', 125486521, 456895652, 487545562, 'pixdfgh342k', '7', 200),
(10, 'Andrey', 'Andr', 'Andrey', 'Efimoff', 'Victorovich', 'Michuruna 23-4', '87212435678', '87777777777', 147852369, 956325874, 468595484, 'dfo87342fef', '5', 300),
(11, 'Sergey', 'Serg', 'Sergey', 'Derevnev', 'Dmitrievich', '23-14-54', '87212326598', '87003456556', 123654987, 789258951, 693582147, 'fger34r5faf', '6', 400),
(1, 'Ivan', 'IvaIva', 'Ivan', 'Ivanov', 'Ivanovich', 'Orbita 33-23', '87212345465', '87770070707', 123456789, 321654789, 456987123, 'svndfg32174f', '1', 600),
(8, 'Elena', 'EleEle', 'Elena', 'Filova', 'Izmailova', 'Kosmonavtov 1', '87212345456', '87021234345', 159632587, 789654123, 147895623, 'f4543regreg', '4', 700),
(21, 'Ivanov99', 'Ivanov9', 'Ivan', 'Ivanov', 'Ivanovich', 'Ivanova-32', '87212965896', '87007778958', NULL, NULL, NULL, NULL, '11', 800),
(19, 'Lina45', '345346', 'Lina', 'Killova', 'Victorovna', 'Gapeeva 1-1', '87212345678', '87003456567', NULL, NULL, NULL, '', '11', 900),
(16, 'Makpal', 'Mac', 'Makpal', 'Jikbaeva', 'Ulanovna', '13-13-13', '87212456567', '87001236546', 158745632, 195632958, 785465236, 'rdijgh374nf', '8', 1000),
(18, 'Tatyana', 'TanK', 'Tatyana', 'Kim', 'Vladimirovna', '15-15-15', '87212659865', '87001233214', 159875364, 789562312, 748569632, 'sljbf2y3ugr', '9', 2000),
(6, 'Anastasia', 'NasNas', 'Anastasia', 'Lapina', 'Georgievna', 'Balhashskaya 1', '87212546745', '87057653456', 951753465, 123698547, 157896547, 'fdj74i3qgfd', '3', 3000),
(22, 'Ivanov99', 'Ivanov9', 'Ivan', 'Ivanov', 'Ivanovich', 'Ivanova-32', '87212965896', '87007778958', NULL, NULL, NULL, NULL, '11', 0),
(23, 'Ivanov99', 'Ivanov9', 'Ivan', 'Ivanov', 'Ivanovich', 'Ivanova-32', '87212965896', '87007778958', NULL, NULL, NULL, NULL, '11', 0),
(26, 'Ivanov99', 'iJFy7g6ghD', 'Ivan', 'Ivanov', 'Ivanovich', 'Ivanova-32', '87212965896', '87007778958', NULL, NULL, NULL, NULL, '11', 0),
(27, 'Ivanov99', 'IvsdfFf4fdg', 'Ivan', 'Ivanov', 'Ivanovich', 'Ivanova-32', '87212965896', '87007778958', NULL, NULL, NULL, NULL, '11', 0),
(28, 'Ivanov99', 'Ivtyh67456Ddfdf', 'Ivan', 'Ivanov', 'Ivanovich', 'Ivanova-32', '87212965896', '87007778958', NULL, NULL, NULL, NULL, '11', 0),
(29, 'Ivanov99', 'IvRRFG65', 'Ivan', 'Ivanov', 'Ivanovich', 'Ivanova-32', '87212965896', '87007778958', NULL, NULL, NULL, NULL, '11', 0),
(30, 'Ivanov99', 'IvaF4nov9', 'Ivan', 'Ivanov', 'Ivanovich', 'Ivanova-32', '87212965896', '87007778958', NULL, NULL, NULL, NULL, '11', 0),
(20, 'Vano34', '101287', 'Ivan', 'Harleev', 'Stanislavovich', 'Riskulova 7-7', '87212345795', '87076549823', NULL, NULL, NULL, NULL, '11', 7000);"
"CREATE CACHED TABLE PUBLIC.CLIENTS(
    ID INT DEFAULT (NEXT VALUE FOR PUBLIC.SYSTEM_SEQUENCE_264A0E7D_EEE2_4EED_AD02_5A06FE444A33) NOT NULL NULL_TO_DEFAULT SEQUENCE PUBLIC.SYSTEM_SEQUENCE_264A0E7D_EEE2_4EED_AD02_5A06FE444A33,
    LOGIN VARCHAR(20) NOT NULL,
    PASSWORD VARCHAR(20) NOT NULL,
    FIRSTNAME VARCHAR(15) NOT NULL,
    LASTNAME VARCHAR(15) NOT NULL,
    MIDDLENAME VARCHAR(15) NOT NULL,
    ADDRESS VARCHAR(20) NOT NULL,
    TELEPHONE VARCHAR(15) NOT NULL,
    MOBILEPHONE VARCHAR(15) NOT NULL
);"
"ALTER TABLE PUBLIC.CLIENTS ADD CONSTRAINT PUBLIC.CONSTRAINT_5 PRIMARY KEY(ID);"
"-- 4 +/- SELECT COUNT(*) FROM PUBLIC.CLIENTS;"
"INSERT INTO PUBLIC.CLIENTS(ID, LOGIN, PASSWORD, FIRSTNAME, LASTNAME, MIDDLENAME, ADDRESS, TELEPHONE, MOBILEPHONE) VALUES
(1, 'Lina45', '345346', 'Lina', 'Killova', 'Viktorovna', 'Gapeeva 1-11', '87212345678', '87003456567'),
(2, 'Vano34', '101287', 'Ivan', 'Harleev', 'Stanislavovich', 'Riskulova 7-7', '87212345467', '87074567654'),
(3, 'Ivanov99', 'Ivanov9', 'Ivan', 'Ivanov', 'Ivanovich', 'Ivanova-32', '87212965896', '87007778958'),
(4, 'Ivanov99', 'Ivanov9', 'Ivan', 'Ivanov', 'Ivanovich', 'Ivanova-32', '87212965896', '87007778958');"
"CREATE CACHED TABLE PUBLIC.STATUS(
    ID INT NOT NULL,
    STATUS_NAME VARCHAR(15) NOT NULL
);"
"ALTER TABLE PUBLIC.STATUS ADD CONSTRAINT PUBLIC.CONSTRAINT_9 PRIMARY KEY(ID);"
"-- 4 +/- SELECT COUNT(*) FROM PUBLIC.STATUS;"
"INSERT INTO PUBLIC.STATUS(ID, STATUS_NAME) VALUES
(1, 'waiting'),
(2, 'active'),
(3, 'executed'),
(4, 'canceled');"
"CREATE CACHED TABLE PUBLIC.POSITIONS(
    ID INTEGER DEFAULT (NEXT VALUE FOR PUBLIC.SYSTEM_SEQUENCE_9FD4A557_B9D0_4650_AE13_0D7C7512D4D0) NOT NULL NULL_TO_DEFAULT SEQUENCE PUBLIC.SYSTEM_SEQUENCE_9FD4A557_B9D0_4650_AE13_0D7C7512D4D0,
    POSITION_NAME VARCHAR(20)
);"
"ALTER TABLE PUBLIC.POSITIONS ADD CONSTRAINT PUBLIC.CONSTRAINT_2 PRIMARY KEY(ID);"
"-- 11 +/- SELECT COUNT(*) FROM PUBLIC.POSITIONS;"
"INSERT INTO PUBLIC.POSITIONS(ID, POSITION_NAME) VALUES
(1, 'Director'),
(2, 'Jurist'),
(3, 'Book-keeper'),
(4, 'Dispatcher'),
(5, 'Haed of delivery'),
(6, 'Forvarder'),
(7, 'Driver'),
(8, 'Cook'),
(9, 'Cleaner'),
(10, 'qwerty'),
(11, 'client');"
"CREATE CACHED TABLE PUBLIC.UGO_VOSTOK(
    ID INT DEFAULT (NEXT VALUE FOR PUBLIC.SYSTEM_SEQUENCE_D089D2FB_55B2_489E_BE36_70138125C685) NOT NULL NULL_TO_DEFAULT SEQUENCE PUBLIC.SYSTEM_SEQUENCE_D089D2FB_55B2_489E_BE36_70138125C685,
    IDORDER INT NOT NULL
);"
"ALTER TABLE PUBLIC.UGO_VOSTOK ADD CONSTRAINT PUBLIC.CONSTRAINT_B PRIMARY KEY(ID);"
"-- 0 +/- SELECT COUNT(*) FROM PUBLIC.UGO_VOSTOK;"
"CREATE CACHED TABLE PUBLIC.CONTACTS(
    ID INTEGER DEFAULT (NEXT VALUE FOR PUBLIC.SYSTEM_SEQUENCE_A759BBE4_1A46_494E_A389_BCEFDDFC5469) NOT NULL NULL_TO_DEFAULT SEQUENCE PUBLIC.SYSTEM_SEQUENCE_A759BBE4_1A46_494E_A389_BCEFDDFC5469,
    TELEPHONE NVARCHAR(15) NOT NULL,
    OWNER NVARCHAR(20) NOT NULL
);"
"ALTER TABLE PUBLIC.CONTACTS ADD CONSTRAINT PUBLIC.CONSTRAINT_C PRIMARY KEY(ID);"
"-- 1 +/- SELECT COUNT(*) FROM PUBLIC.CONTACTS;"
"INSERT INTO PUBLIC.CONTACTS(ID, TELEPHONE, OWNER) VALUES
(1, '+77003996925', 'Rodion Starodubenko');"
"CREATE CACHED TABLE PUBLIC.GOROD(
    ID INT DEFAULT (NEXT VALUE FOR PUBLIC.SYSTEM_SEQUENCE_9CCBAD34_B789_4C65_B305_8301EE4AD5DD) NOT NULL NULL_TO_DEFAULT SEQUENCE PUBLIC.SYSTEM_SEQUENCE_9CCBAD34_B789_4C65_B305_8301EE4AD5DD,
    IDORDER INT NOT NULL
);"
"ALTER TABLE PUBLIC.GOROD ADD CONSTRAINT PUBLIC.CONSTRAINT_D PRIMARY KEY(ID);"
"-- 0 +/- SELECT COUNT(*) FROM PUBLIC.GOROD;"
"CREATE CACHED TABLE PUBLIC.PERIOD(
    ID INTEGER DEFAULT (NEXT VALUE FOR PUBLIC.SYSTEM_SEQUENCE_E5C24BA0_7661_47BB_B1E4_2F380C289CB6) NOT NULL NULL_TO_DEFAULT SEQUENCE PUBLIC.SYSTEM_SEQUENCE_E5C24BA0_7661_47BB_B1E4_2F380C289CB6,
    PERIOD TIME NOT NULL
);"
"ALTER TABLE PUBLIC.PERIOD ADD CONSTRAINT PUBLIC.CONSTRAINT_8C PRIMARY KEY(ID);"
"-- 3 +/- SELECT COUNT(*) FROM PUBLIC.PERIOD;"
"INSERT INTO PUBLIC.PERIOD(ID, PERIOD) VALUES
(2, TIME '14:00:00'),
(3, TIME '18:00:00'),
(4, TIME '22:00:00');"
"CREATE CACHED TABLE PUBLIC.MAIKUDUK(
    ID INT DEFAULT (NEXT VALUE FOR PUBLIC.SYSTEM_SEQUENCE_8C90FEB9_C66D_402A_A174_5BE10297C48A) NOT NULL NULL_TO_DEFAULT SEQUENCE PUBLIC.SYSTEM_SEQUENCE_8C90FEB9_C66D_402A_A174_5BE10297C48A,
    IDORDER INT NOT NULL
);"
"ALTER TABLE PUBLIC.MAIKUDUK ADD CONSTRAINT PUBLIC.CONSTRAINT_2E PRIMARY KEY(ID);"
"-- 0 +/- SELECT COUNT(*) FROM PUBLIC.MAIKUDUK;"
"CREATE CACHED TABLE PUBLIC.GOODS(
    ID INTEGER DEFAULT (NEXT VALUE FOR PUBLIC.SYSTEM_SEQUENCE_7160DC1A_E7BA_4189_95E3_7BC28D2704B2) NOT NULL NULL_TO_DEFAULT SEQUENCE PUBLIC.SYSTEM_SEQUENCE_7160DC1A_E7BA_4189_95E3_7BC28D2704B2,
    GOODS_NAME VARCHAR(30),
    PRICE INTEGER NOT NULL
);"
"ALTER TABLE PUBLIC.GOODS ADD CONSTRAINT PUBLIC.CONSTRAINT_40 PRIMARY KEY(ID);"
"-- 5 +/- SELECT COUNT(*) FROM PUBLIC.GOODS;"
"INSERT INTO PUBLIC.GOODS(ID, GOODS_NAME, PRICE) VALUES
(1, 'Water 20L', 500),
(2, 'Water 5L', 150),
(4, 'EX-10TA', 5000),
(3, 'Almacom WD-CFO-1', 10000),
(5, 'HotFrost 35 AN', 15000);"
"CREATE CACHED TABLE PUBLIC.MIHAILOVKA(
    ID INT DEFAULT (NEXT VALUE FOR PUBLIC.SYSTEM_SEQUENCE_3A991E10_D441_4A08_A145_C5E09E95203C) NOT NULL NULL_TO_DEFAULT SEQUENCE PUBLIC.SYSTEM_SEQUENCE_3A991E10_D441_4A08_A145_C5E09E95203C,
    IDORDER INT NOT NULL
);"
"ALTER TABLE PUBLIC.MIHAILOVKA ADD CONSTRAINT PUBLIC.CONSTRAINT_E PRIMARY KEY(ID);"
"-- 0 +/- SELECT COUNT(*) FROM PUBLIC.MIHAILOVKA;"
"CREATE CACHED TABLE PUBLIC.PRISHAHTINSK(
    ID INT DEFAULT (NEXT VALUE FOR PUBLIC.SYSTEM_SEQUENCE_36708B8A_E8D8_4D53_9D49_B0AD7C30AA8B) NOT NULL NULL_TO_DEFAULT SEQUENCE PUBLIC.SYSTEM_SEQUENCE_36708B8A_E8D8_4D53_9D49_B0AD7C30AA8B,
    IDORDER INT NOT NULL
);"
"ALTER TABLE PUBLIC.PRISHAHTINSK ADD CONSTRAINT PUBLIC.CONSTRAINT_F PRIMARY KEY(ID);"
"-- 0 +/- SELECT COUNT(*) FROM PUBLIC.PRISHAHTINSK;"
"CREATE CACHED TABLE PUBLIC.PAY_CARD(
    ID INTEGER DEFAULT (NEXT VALUE FOR PUBLIC.SYSTEM_SEQUENCE_5EF9D34A_2187_4726_8D6A_D71BE03B161B) NOT NULL NULL_TO_DEFAULT SEQUENCE PUBLIC.SYSTEM_SEQUENCE_5EF9D34A_2187_4726_8D6A_D71BE03B161B,
    SERIAL_NUMBER VARCHAR(10) NOT NULL,
    SECRET_NUMBER VARCHAR(13) NOT NULL,
    BALANCE INTEGER NOT NULL,
    ID_STATUS_PAY_CARD INTEGER NOT NULL
);"
"ALTER TABLE PUBLIC.PAY_CARD ADD CONSTRAINT PUBLIC.CONSTRAINT_820 PRIMARY KEY(ID);"
"-- 4 +/- SELECT COUNT(*) FROM PUBLIC.PAY_CARD;"
"INSERT INTO PUBLIC.PAY_CARD(ID, SERIAL_NUMBER, SECRET_NUMBER, BALANCE, ID_STATUS_PAY_CARD) VALUES
(6, '0000000004', '1234567894851', 5000, 1),
(4, '0000000003', '1234567895692', 2000, 1),
(3, '0000000002', '1234567897894', 1000, 1),
(2, '0000000001', '1234567891234', 500, 2);"
"CREATE CACHED TABLE PUBLIC.ORDERS(
    ID INT DEFAULT (NEXT VALUE FOR PUBLIC.SYSTEM_SEQUENCE_74188E43_4524_4F11_91D7_0A33C542B709) NOT NULL NULL_TO_DEFAULT SEQUENCE PUBLIC.SYSTEM_SEQUENCE_74188E43_4524_4F11_91D7_0A33C542B709,
    USER_ID INT NOT NULL,
    COUNT INT NOT NULL,
    PERIOD_ID INT NOT NULL,
    GOODS_ID INT NOT NULL,
    DELIVERY_DATE DATE,
    ADDITIONAL_INFO VARCHAR(300),
    STATUS_ID INT,
    ORDER_DATE DATE
);"
"ALTER TABLE PUBLIC.ORDERS ADD CONSTRAINT PUBLIC.CONSTRAINT_8 PRIMARY KEY(ID);"
"-- 10 +/- SELECT COUNT(*) FROM PUBLIC.ORDERS;"
"INSERT INTO PUBLIC.ORDERS(ID, USER_ID, COUNT, PERIOD_ID, GOODS_ID, DELIVERY_DATE, ADDITIONAL_INFO, STATUS_ID, ORDER_DATE) VALUES
(1, 20, 2, 2, 1, DATE '2014-08-27', 'There are additional information', 3, DATE '2014-08-25'),
(4, 20, 20, 3, 2, DATE '2014-01-30', '                        ', 1, DATE '2014-08-29'),
(5, 20, 20, 3, 2, DATE '2014-01-30', '                        A lot of water !', 1, DATE '2014-08-29'),
(6, 20, 20, 3, 2, DATE '2014-01-30', '                        A lot of water !', 1, DATE '2014-08-29'),
(7, 20, 20, 3, 2, DATE '2014-01-30', '                        A lot of water !', 1, DATE '2014-08-29'),
(8, 20, 2, 4, 1, DATE '2014-01-31', '                        ', 1, DATE '2014-08-29'),
(9, 20, 5, 2, 2, DATE '2014-01-30', '                        ', 1, DATE '2014-08-29'),
(10, 20, 5, 2, 1, DATE '2014-01-31', '                        ', 1, DATE '2014-08-29'),
(3, 20, 2, 4, 1, DATE '2014-08-29', 'There are even more additional information', 3, DATE '2014-08-27'),
(2, 20, 2, 3, 1, DATE '2014-08-22', 'There are more additional information', 4, DATE '2014-08-20');"
"CREATE CACHED TABLE PUBLIC.STATUS_CARD(
    ID INTEGER DEFAULT (NEXT VALUE FOR PUBLIC.SYSTEM_SEQUENCE_6756A24E_D57B_460A_BAB5_944314FCBAC4) NOT NULL NULL_TO_DEFAULT SEQUENCE PUBLIC.SYSTEM_SEQUENCE_6756A24E_D57B_460A_BAB5_944314FCBAC4,
    STATUS_NAME VARCHAR(20) NOT NULL
);"
"ALTER TABLE PUBLIC.STATUS_CARD ADD CONSTRAINT PUBLIC.CONSTRAINT_4C PRIMARY KEY(ID);"
"-- 2 +/- SELECT COUNT(*) FROM PUBLIC.STATUS_CARD;"
"INSERT INTO PUBLIC.STATUS_CARD(ID, STATUS_NAME) VALUES
(1, 'not activated'),
(2, 'activated');"
"ALTER TABLE PUBLIC.GOODS ADD CONSTRAINT PUBLIC.""unique_ID"" UNIQUE(ID);"
"ALTER TABLE PUBLIC.ORDERS ADD CONSTRAINT PUBLIC.CONSTRAINT_8B FOREIGN KEY(GOODS_ID) REFERENCES PUBLIC.GOODS(ID) NOCHECK;"
"ALTER TABLE PUBLIC.ORDERS ADD CONSTRAINT PUBLIC.CONSTRAINT_8B725 FOREIGN KEY(STATUS_ID) REFERENCES PUBLIC.STATUS(ID) NOCHECK;"
"ALTER TABLE PUBLIC.GOROD ADD CONSTRAINT PUBLIC.CONSTRAINT_40D FOREIGN KEY(IDORDER) REFERENCES PUBLIC.ORDERS(ID) NOCHECK;"
"ALTER TABLE PUBLIC.MIHAILOVKA ADD CONSTRAINT PUBLIC.CONSTRAINT_E8 FOREIGN KEY(IDORDER) REFERENCES PUBLIC.ORDERS(ID) NOCHECK;"
"ALTER TABLE PUBLIC.ORDERS ADD CONSTRAINT PUBLIC.CONSTRAINT_8B72 FOREIGN KEY(USER_ID) REFERENCES PUBLIC.USERS(ID) NOCHECK;"
"ALTER TABLE PUBLIC.MAIKUDUK ADD CONSTRAINT PUBLIC.CONSTRAINT_2E0 FOREIGN KEY(IDORDER) REFERENCES PUBLIC.ORDERS(ID) NOCHECK;"
"ALTER TABLE PUBLIC.PAY_CARD ADD CONSTRAINT PUBLIC.CONSTRAINT_820C FOREIGN KEY(ID_STATUS_PAY_CARD) REFERENCES PUBLIC.STATUS_CARD(ID) NOCHECK;"
"ALTER TABLE PUBLIC.UGO_VOSTOK ADD CONSTRAINT PUBLIC.CONSTRAINT_82 FOREIGN KEY(IDORDER) REFERENCES PUBLIC.ORDERS(ID) NOCHECK;"
"ALTER TABLE PUBLIC.ORDERS ADD CONSTRAINT PUBLIC.CONSTRAINT_8B7 FOREIGN KEY(PERIOD_ID) REFERENCES PUBLIC.PERIOD(ID) NOCHECK;"
"ALTER TABLE PUBLIC.PRISHAHTINSK ADD CONSTRAINT PUBLIC.CONSTRAINT_F9 FOREIGN KEY(IDORDER) REFERENCES PUBLIC.ORDERS(ID) NOCHECK;"